task_id,CPP,L2MissesPP,LockPP,QTimePP,enQueuesPP,deQueueusPP,ActiveCPP
IPFWD,43601,0.0063565,240,518,30.7848320556,29.9758219259,43601
IPFWD_CASX,49767,0.007156,330,570,1.0,1.0,7380
RX,12542,0.125295333333,236,510,18.462572463,0.0,12542
RX_CASX,44321,0.1277185,349,599,1.0,0.0,1891
TX,45804,0.0048975,227,503,0.0,79.9183381111,45804
TX_CASX,43391,0.012727,331,523,0.0,1.0,1099
